time,age,sex,education,relevant_ed,location,remoteness,company_type,experience,contract,salary,contentment,happiness,languages,position,other_tech,sci_fi
2016.09.09. 10:20:05,20-25,Nő,Gimnázium,Nem,Vidék,Bejárós,Nemzetközi cég,2,Megbízási szerződés,"130 000,00 Ft",4,5,"PHP, C#, C++",Junior developer,,Star Wars
2016.09.09. 10:21:31,20-25,Férfi,Egyetem,Igen,Budapest,Bejárós,Kis- és középvállalkozás,3,Teljes munkaidős - állandó,"400 000,00 Ft",3,3,Javascript,Senior Web developer,,Star Wars
2016.09.09. 10:22:51,25-30,Férfi,Főiskola,Igen,Vidék,Mindkettő,Kis- és középvállalkozás,5,Teljes munkaidős - ideiglenes,"240 000,00 Ft",4,4,"Javascript, C#",szoftverfejlesztő,"LESS, SASS",Star Wars
2016.09.09. 10:22:55,20-25,Férfi,Főiskola,Igen,Vidék,Bejárós,Kis- és középvállalkozás,0,Teljes munkaidős - állandó,"130 000,00 Ft",4,4,"PHP, Javascript",junior fejlesztő,"mysql, less, yii2",He?
2016.09.09. 10:25:24,30-35,Férfi,Egyetem,Igen,Budapest,Bejárós,Nemzetközi cég,8,Teljes munkaidős - állandó,"500 000,00 Ft",3,3,C++,lead,,Star Trek
2016.09.09. 10:26:16,20-25,Férfi,Egyetem,Nem,Budapest,Mindkettő,Kis- és középvállalkozás,3,Részmunkaidő,"320 000,00 Ft",3,5,"Javascript, Python",Head of Dev,"Angular, NodeJS, Mongo, Solr",Star Wars
2016.09.09. 10:26:30,25-30,Férfi,Szakközépiskola,Nem,Budapest,Bejárós,Kis- és középvállalkozás,8,Teljes munkaidős - állandó,"245 000,00 Ft",4,2,html5,sitebuilder,"html, css, jquery, photoshop",Star Wars
2016.09.09. 10:26:33,30-35,Férfi,Szakiskola,Nem,Budapest,Bejárós,Kis- és középvállalkozás,5,Teljes munkaidős - állandó,"225 000,00 Ft",3,4,"Javascript, CSS3",frontend fejlesztő,LESS,Star Trek
2016.09.09. 10:28:03,30-35,Férfi,Szakközépiskola,Nem,Budapest,Bejárós,Kis- és középvállalkozás,10,Teljes munkaidős - állandó,"336 000,00 Ft",4,4,"PHP, Javascript, C#, Java",Backend fejlesztő,"Symfony, Angular 2, Bash, MySQL, SASS",Star Trek
2016.09.09. 10:29:21,30-35,Férfi,Főiskola,Nem,Vidék,Távmunka,Nemzetközi cég,7,Teljes munkaidős - állandó,"850 000,00 Ft",4,4,Javascript,Frontend dev,"Css3, html5, react, anguar, Stylus, sass, less, drupal, illustrator, indesign, photoshop...",Star Trek
2016.09.09. 10:29:38,20-25,Férfi,Főiskola,Igen,Vidék,Bejárós,Nemzetközi cég,1,Teljes munkaidős - állandó,"183 000,00 Ft",4,4,Javascript,Frontend fejlesztő,"Angular, LESS, SASS,",Star Wars
2016.09.09. 10:29:57,20-25,Férfi,Szakközépiskola,Igen,Vidék,Távmunka,Kis- és középvállalkozás,1,Szabadúszó,"150 000,00 Ft",4,2,Java,Junior,"JavaScript,PHP,CSS,XML,Codeigniter,Angular,Postgress,MySql",Star Wars
2016.09.09. 10:31:53,20-25,Férfi,Főiskola,Nem,Budapest,Távmunka,Kis- és középvállalkozás,1,Teljes munkaidős - állandó,"133 000,00 Ft",2,3,"PHP, Javascript",Frontend fejlesztő,"SASS,MySQL,Git",Star Trek
2016.09.09. 10:33:21,25-30,Férfi,Egyetem,Igen,Budapest,Távmunka,Kis- és középvállalkozás,6,Szabadúszó,"295 000,00 Ft",4,3,"PHP, Javascript",Full Stack Developer,"LESS, SASS, Smarty, MongoDB, Yii, Zend",Star Wars
2016.09.09. 10:33:24,25-30,Férfi,Egyetem,Igen,Budapest,Bejárós,Nemzetközi cég,3,Teljes munkaidős - állandó,"430 000,00 Ft",5,5,"C++, Java, Swift, Python",Software Engineer,"Android, iOS",He?
2016.09.09. 10:33:49,40+,Férfi,Szakiskola,Igen,Budapest,Bejárós,Kis- és középvállalkozás,7,Teljes munkaidős - állandó,"270 000,00 Ft",3,2,"PHP, Javascript, C++, Assembly, Pascal, Basic, GML, HTML, CSS",Hydrid Designer Developer :-),"MySQL, jQuery",Star Wars
2016.09.09. 10:33:54,20-25,Férfi,Szakközépiskola,Nem,Vidék,Mindkettő,Kis- és középvállalkozás,4,Teljes munkaidős - állandó,"248 000,00 Ft",3,4,"PHP, Javascript, C#, Java",Backend fejlesztő,"Laravel, Angular",Star Wars
2016.09.09. 10:35:43,20-25,Nő,Egyetem,Igen,Vidék,Bejárós,Kis- és középvállalkozás,3,Diák,"94 000,00 Ft",1,3,"PHP, Javascript",junior webfejleszto,"Java, python, c, c++",Star Trek
2016.09.09. 10:36:08,20-25,Férfi,Gimnázium,Igen,Vidék,Bejárós,Kis- és középvállalkozás,2,Teljes munkaidős - állandó,"100 000,00 Ft",3,4,"Javascript, C#",Junior Fullstack,"jQuery, Bootstrap",Star Wars
2016.09.09. 10:36:27,25-30,Férfi,Főiskola,Igen,Budapest,Bejárós,Kis- és középvállalkozás,4,Teljes munkaidős - állandó,"400 000,00 Ft",3,3,"PHP, Javascript",Frontend fejlesztő,"Laravel, Angular, React, LESS, SASS",He?
2016.09.09. 10:37:18,25-30,Férfi,Szakközépiskola,Nem,Külföld,Bejárós,Kis- és középvállalkozás,4,Teljes munkaidős - állandó,"550 000,00 Ft",3,4,"PHP, Javascript",Full stack developer,"Laravel, Vue.js, LESS, SASS, Bash, MySQL, SQLite, jQuery, Bootstrap, Bulma.io, Socket.io",Star Wars
2016.09.09. 10:37:10,20-25,Férfi,Szakközépiskola,Nem,Vidék,Távmunka,Kis- és középvállalkozás,2,Szabadúszó,"250 000,00 Ft",4,4,"Javascript, C#, Java, Python, Go","Frontend fejlesztő, webdesigner","Sass, heroku, firebase, android, mysql, git, j2ee, bootstrap, foundation, css3, html5, apache server, wordpress, bash, mvc, angularjs, angular 2, react",Star Wars
2016.09.09. 10:38:49,25-30,Férfi,Szakiskola,Nem,Budapest,Bejárós,Kis- és középvállalkozás,6,Teljes munkaidős - állandó,"280 000,00 Ft",3,3,"PHP, Javascript, Java",Frontend fejlesztő,"Laravel, Less, Socket.io, Redis",He?
2016.09.09. 10:39:05,35-40,Férfi,Főiskola,Igen,Budapest,Bejárós,Kis- és középvállalkozás,10,Teljes munkaidős - állandó,"350 000,00 Ft",4,4,C#,Fejlesztő,"SQL Server, HTML, CSS, JQuery",Star Wars
2016.09.09. 10:39:06,35-40,Férfi,Szakközépiskola,Nem,Budapest,Mindkettő,Kis- és középvállalkozás,15,Szabadúszó,"350 000,00 Ft",3,4,PHP,Frontend fejlesztő,"LESS, SASS",Star Trek
2016.09.09. 10:39:23,20-25,Férfi,Egyetem,Igen,Budapest,Bejárós,Nemzetközi cég,1,Teljes munkaidős - állandó,"250 000,00 Ft",2,3,"PHP, Javascript, C#",frontend fejlesztő,"angular, sass, mysql",Star Wars
2016.09.09. 10:39:33,30-35,Férfi,Gimnázium,Nem,Külföld,Bejárós,Nemzetközi cég,12,Teljes munkaidős - állandó,"1 000 000,00 Ft",4,3,"PHP, Javascript, C++, Python",Development Lead,"* MVC framework, frontend build stack, cloud szolgatlatok, rendszergazdai es rendszermernoki feladatok Linux alapokon (automatizaciot is beleertve)",Star Trek
2016.09.09. 10:40:04,20-25,Férfi,Gimnázium,Nem,Vidék,Mindkettő,Kis- és középvállalkozás,3,Szabadúszó,"200 000,00 Ft",5,5,"PHP, Javascript",Webfejlesztő,"CakePHP, Codeigniter",He?
2016.09.09. 10:40:06,25-30,Férfi,Szakiskola,Nem,Vegyes,Távmunka,Nemzetközi cég,11,Szabadúszó,"350 000,00 Ft",3,4,"PHP, Java",Frontend fejlesztő,,He?
2016.09.09. 10:40:37,30-35,Férfi,Egyetem,Igen,Budapest,Bejárós,Nemzetközi cég,5,Teljes munkaidős - állandó,"450 000,00 Ft",4,3,Javascript,Frontend,"Angular, Less, Sass, Mongodb",Star Wars
2016.09.09. 10:41:41,20-25,Férfi,Szakközépiskola,Nem,Vidék,Mindkettő,Kis- és középvállalkozás,3,Diák,"120 000,00 Ft",4,5,"PHP, Javascript",webfejlesztő,,Star Wars
2016.09.09. 10:41:53,20-25,Férfi,Szakközépiskola,Nem,Budapest,Bejárós,Kis- és középvállalkozás,4,Teljes munkaidős - állandó,"160 000,00 Ft",3,3,"PHP, Javascript",junior frontend/wordpress dev,"docker, bash, sass",Star Wars
2016.09.09. 10:42:52,20-25,Férfi,Szakközépiskola,Nem,Vidék,Mindkettő,Kis- és középvállalkozás,8,"Vállalkozó, saját cég","800 000,00 Ft",3,3,"PHP, Javascript, C#, Java, Python",Szoftverfejlesztési vezető,"Angular, LESS, SASS, Docker, Bash, Redis, Mongodb, Drupal, Apache Solr, Apache Cordova, Ionic, Pentaho Spoon (Kettle), Git, Puppet, Android, Elasticsearch, Eclipse BIRT, Percona, NGINX, és még nagyon NAGYON sok...",Star Wars
2016.09.09. 10:44:23,20-25,Férfi,Egyetem,Igen,Budapest,Bejárós,Startup,2,Szabadúszó,"400 000,00 Ft",3,3,Java,java fejlesztő,php,He?
2016.09.09. 10:44:48,25-30,Férfi,Főiskola,Igen,Vidék,Bejárós,Kis- és középvállalkozás,3,Teljes munkaidős - állandó,"300 046,00 Ft",4,3,"PHP, Javascript",Frontend fejlesztő és grafikus,"CSS, SASS, Angular, jQuery, MySQL, Git, svn",Star Wars
2016.09.09. 10:45:13,20-25,Férfi,Szakiskola,Igen,Budapest,Mindkettő,Nemzetközi cég,8,Teljes munkaidős - állandó,"215 000,00 Ft",3,3,"PHP, Javascript, C#, C++, Delphi, VBA",Porgramozó,"smarty,drupal,workpress,joomla",Star Wars
2016.09.09. 10:46:12,15-20,Férfi,Szakközépiskola,Nem,Vidék,Bejárós,Kis- és középvállalkozás,2,Teljes munkaidős - állandó,"185 000,00 Ft",4,4,"PHP, Javascript, C#, Lua",Webdev,,Star Wars
2016.09.09. 10:47:52,25-30,Férfi,Általános iskola,Nem,Budapest,Bejárós,Kis- és középvállalkozás,7,Teljes munkaidős - állandó,"450 000,00 Ft",5,4,"PHP, Javascript",Full-stack developer,"stylus, sass, angular, debian, laravel, react, redux, docker, mongodb,",Star Wars
2016.09.09. 10:49:13,15-20,Férfi,Általános iskola,Nem,Külföld,Bejárós,Startup,5,Teljes munkaidős - állandó,"900 000,00 Ft",3,5,"PHP, Javascript, Java",Full-stack fejlesztő,,Star Trek
2016.09.09. 10:49:17,20-25,Férfi,Egyetem,Igen,Vidék,Bejárós,Kis- és középvállalkozás,3,Teljes munkaidős - állandó,"210 000,00 Ft",3,3,"PHP, Javascript, Java",Backend fejlesztő,"Laravel, CodeIgniter, bower, npm, jquery",Star Wars
2016.09.09. 10:50:00,30-35,Férfi,Főiskola,Igen,Budapest,Távmunka,Kis- és középvállalkozás,8,Teljes munkaidős - állandó,"220 000,00 Ft",4,4,PHP,fejlesztő,,Star Wars
2016.09.09. 10:50:05,40+,Férfi,Szakközépiskola,Nem,Vidék,Távmunka,Kis- és középvállalkozás,7,Szabadúszó,"280 000,00 Ft",2,4,Javascript,web fejlesztő,"LESS, SASS",Star Trek
2016.09.09. 10:50:32,25-30,Férfi,Főiskola,Igen,Budapest,Mindkettő,Kisvállalkozás + EV,6,Teljes + EV,"340 000,00 Ft",4,4,"PHP, Javascript",Szoftverfejlesztő,"AngularJS 1.x, SASS, Less, Symfony, Bootstrap, CodeIgniter, jQuery, materializeCSS, zsh, bash, nginx, apache, stb",Star Wars
2016.09.09. 10:50:53,20-25,Férfi,Szakközépiskola,Nem,Budapest,Bejárós,Kis- és középvállalkozás,0,Teljes munkaidős - állandó,"160 000,00 Ft",4,3,"PHP, Javascript, html, css, jquery, sql",Webfejlesztő (front- és backend),,Star Trek
2016.09.09. 10:51:27,30-35,Férfi,Egyetem,Nem,Vidék,Mindkettő,Kis- és középvállalkozás,6,Teljes munkaidős - állandó,"200 000,00 Ft",2,3,Javascript,Frontend fejlesztő,SASS,He?
2016.09.09. 10:52:30,40+,Nő,Szakiskola,Igen,Budapest,Bejárós,Nemzetközi cég,0,Teljes munkaidős - állandó,"300 000,00 Ft",3,3,"PHP, Javascript, C#, Java",szoftverfejlesztő,,He?
2016.09.09. 10:52:50,30-35,Férfi,Szakközépiskola,Nem,Vidék,Bejárós,Állami szféra,3,Teljes munkaidős - állandó,"112 000,00 Ft",2,4,PHP,Rendszergazda és tech support,,Star Trek
2016.09.09. 10:53:25,25-30,Férfi,Egyetem,Igen,Budapest,Bejárós,Kis- és középvállalkozás,2,Teljes munkaidős - állandó,"200 000,00 Ft",3,4,"PHP, Javascript",Junir backend,,Star Wars
2016.09.09. 10:53:36,25-30,Férfi,Szakközépiskola,Nem,Vidék,Mindkettő,Startup,8,Teljes munkaidős - állandó,"100 000,00 Ft",5,2,"PHP, Javascript, C#, Html, Css, Html5, Css3","Senior FrontEnd Developer, néha BackEnd","Angular, LESS, SASS, CodeIgniter, CakePhp, Jquery, BootsTrap,...",He?
2016.09.09. 10:53:39,20-25,Férfi,Szakközépiskola,Igen,Budapest,Távmunka,Startup,2,Szabadúszó,"100 000,00 Ft",1,1,"PHP, Javascript, Jquery, HTML, CSS és társai",Full stack developer,"Laravel, Mysql, PDO, AJAX, Google Maps API, Facebook API, Paypal gateway, Symphony, OOP,",He?
2016.09.09. 10:55:08,30-35,Férfi,Szakközépiskola,Nem,Budapest,Mindkettő,Kis- és középvállalkozás,5,Szabadúszó,"200 000,00 Ft",3,3,"PHP, Javascript","Senior hálózat fejlesztő, karbantartó",,Star Wars
2016.09.09. 10:55:13,25-30,Férfi,Gimnázium,Nem,Budapest,Bejárós,Kis- és középvállalkozás,2,Részmunkaidő,"300 000,00 Ft",2,2,Javascript,front-end dev és ux,"angular, angular2, aws, ansible, docker, mongo, postgre, balsamiq",Star Wars
2016.09.09. 10:57:42,35-40,Férfi,Egyetem,Igen,Vidék,Bejárós,Állami szféra,16,Teljes munkaidős - állandó,"150 000,00 Ft",2,5,"Javascript, Java",Vezető fejlesztő,"React, Docker",He?
2016.09.09. 11:00:23,30-35,Férfi,Főiskola,Igen,Budapest,Bejárós,Kis- és középvállalkozás,10,Teljes munkaidős - állandó,"350 000,00 Ft",3,3,"PHP, Javascript",fejlesztő,,He?
2016.09.09. 11:01:25,20-25,Férfi,Szakközépiskola,Nem,Budapest,Mindkettő,Startup,5,Teljes munkaidős - állandó,"230 000,00 Ft",3,5,"PHP, Javascript, Swift",Front end fejlesztő,"Less, angular, codeigniter,",He?
2016.09.09. 11:03:59,25-30,Férfi,Főiskola,Igen,Vidék,Távmunka,Kis- és középvállalkozás,5,Teljes munkaidős - állandó,"230 000,00 Ft",3,4,"PHP, Javascript",Frontend fejlesztő,"Symfony 2, Magento 2, Wordpress, Less, Sass, Gulp, Grunt, Angular, Angular 2, Git",Star Wars
2016.09.09. 11:04:51,15-20,Férfi,Általános iskola,Igen,Vidék,Mindkettő,Kis- és középvállalkozás,3,Szabadúszó,"300 000,00 Ft",3,4,"PHP, Javascript",Frontend fejlesztő,"Laravel, Angular, LESS, SASS, Docker, AWS, Redis, Mongodb, nodejs",Star Wars
2016.09.09. 11:05:18,20-25,Férfi,Szakközépiskola,Igen,Vidék,Bejárós,Nemzetközi cég,1,Teljes munkaidős - állandó,"180 000,00 Ft",4,3,"PHP, Javascript",webfejlesztő,"codeigniter,sql,mysql",Star Wars
2016.09.09. 11:06:49,20-25,Nő,Főiskola,Igen,Vidék,Bejárós,Startup,0,Teljes munkaidős - állandó,"210 000,00 Ft",3,5,Javascript,Junior frontend fejlesztő,"Angular, JQuery, SASS, Bash, SQL, HTML5, CSS3",Star Wars
2016.09.09. 11:08:13,35-40,Férfi,Gimnázium,Igen,Budapest,Mindkettő,Kis- és középvállalkozás,7,Teljes munkaidős - állandó,"250 000,00 Ft",3,3,"PHP, Javascript, Python",Fejlesztő,"LESS,SASS,CSS,XML,Codeigniter,symfony,node.js,jquery,facebook api",Star Trek
2016.09.09. 11:09:10,20-25,Férfi,Gimnázium,Nem,Külföld,Mindkettő,Startup,6,Teljes munkaidős - állandó,"750 000,00 Ft",3,4,"PHP, Javascript, C++, Java, Python",CTO,"AWS, GCP",Star Wars
2016.09.09. 11:09:21,20-25,Férfi,Egyetem,Igen,Budapest,Bejárós,Startup,2,Teljes munkaidős - állandó,"310 000,00 Ft",3,5,"Javascript, Java",Frontend fejlesztő,"LESS, SASS, React, Angular, Redux, AWS, Bash, Git, Webpack, Grunt, Node",Star Wars
2016.09.09. 11:11:28,25-30,Férfi,Főiskola,Igen,Vidék,Bejárós,Kis- és középvállalkozás,2,Teljes munkaidős - állandó,"160 000,00 Ft",2,2,"PHP, Javascript",junio,Laravel,Star Wars
2016.09.09. 11:11:56,20-25,Férfi,Szakközépiskola,Nem,Budapest,Mindkettő,Kis- és középvállalkozás,5,Teljes munkaidős - állandó,"200 000,00 Ft",4,4,"PHP, Javascript",Szoftverfejlesztő,"WordPress, SASS",Star Trek
2016.09.09. 11:14:04,20-25,Férfi,Gimnázium,Nem,Külföld,Bejárós,Kis- és középvállalkozás,6,Teljes munkaidős - állandó,"947 042,00 Ft",3,5,"PHP, Javascript, Ruby, Python",Developer,"laravel, codeigniter, aws, redis, mysql, mssql, mongodb, coutchdb, cassandra, angular, vue, react, jquery, emberjs, rest api, phonegap, react native, cordova, docker, vagrant, bash, linux, microservices, lambda, less, sass",He?
2016.09.09. 11:15:33,20-25,Férfi,Főiskola,Nem,Külföld,Bejárós,Startup,1,Teljes munkaidős - állandó,"160 000,00 Ft",2,3,"PHP, Javascript",Full-stack developer,"laravel, symfony",He?
2016.09.09. 11:21:45,20-25,Férfi,Gimnázium,Nem,Budapest,Bejárós,Nemzetközi cég,2,Teljes munkaidős - állandó,"255 000,00 Ft",3,5,Javascript,Junior Software Engineer,"Laravel, Less, NPM, ES2015",Star Wars
2016.09.09. 11:24:13,40+,Férfi,Főiskola,Igen,Budapest,Távmunka,Startup,32,Szabadúszó,"420 000,00 Ft",3,4,"PHP, Javascript, C#, C++, Java, Microcontrollerek (AVR, ARDUINO)",vezető fejlesztő,"Laravel, Smarty, Grav, NoDB, PostgreSQL, Oracle",Star Wars
2016.09.09. 11:24:20,25-30,Férfi,Szakközépiskola,Nem,Budapest,Bejárós,Nemzetközi cég,2,Részmunkaidő,"157 000,00 Ft",3,4,"PHP, Java",Junior Software Developer,Spring,He?
2016.09.09. 11:25:02,30-35,Férfi,Gimnázium,Nem,Budapest,Bejárós,Nemzetközi cég,2,Teljes munkaidős - állandó,"625 000,00 Ft",3,3,Python,Python Developer,"Bash, Docker,",Star Wars
2016.09.09. 11:25:05,30-35,Férfi,Gimnázium,Nem,Budapest,Bejárós,Kis- és középvállalkozás,4,Teljes munkaidős - állandó,"300 000,00 Ft",4,4,Javascript,Senior Frontend dev,"html, css, sass, mongodb, angular, etc.",Star Trek
2016.09.09. 11:28:35,35-40,Férfi,Gimnázium,Nem,Budapest,Bejárós,Kis- és középvállalkozás,8,Teljes munkaidős - állandó,"200 000,00 Ft",3,3,"PHP, Javascript",Webfejlesztő grafikus,,He?
2016.09.09. 11:31:20,30-35,Férfi,Szakiskola,Igen,Külföld,Bejárós,Kis- és középvállalkozás,3,Teljes munkaidős - állandó,"300 000,00 Ft",2,5,"PHP, Javascript",rnd,"less, nodejs, etc",He?
2016.09.09. 11:31:40,25-30,Férfi,Egyetem,Igen,Budapest,Bejárós,Nemzetközi cég,5,"Órabérben, teljes munkaidős","450 000,00 Ft",2,2,"PHP, Javascript, C#, C++, C, SQL (tudom nem programozási nyelv)",Senior Developer,"Jquery, RegEX, PLSQL, MSSQL, Telekommunikációs dolgok",Star Wars
2016.09.09. 11:32:18,25-30,Férfi,Főiskola,Igen,Vidék,Távmunka,Kis- és középvállalkozás,5,Teljes munkaidős - állandó,"85 000,00 Ft",1,3,"PHP, Javascript, Jquery, html, css, ajax",Php fejlesztő,,Star Wars
2016.09.09. 11:34:34,25-30,Férfi,Egyetem,Nem,Budapest,Mindkettő,Kis- és középvállalkozás,2,Teljes munkaidős - állandó,"250 000,00 Ft",3,3,"PHP, Javascript",Vezető fejlesztő,"Angular, React, Cordova, Node",Star Wars
2016.09.09. 11:35:15,30-35,Férfi,Egyetem,Igen,Külföld,Távmunka,Startup,8,Teljes munkaidős - állandó,"500 000,00 Ft",4,5,"PHP, Javascript",Full stack we developer,Angular less sass aws laravel sf2 mysql vagrant ...,Star Wars
2016.09.09. 11:39:02,25-30,Nő,Egyetem,Igen,Budapest,Távmunka,Kis- és középvállalkozás,2,Szabadúszó,"250 000,00 Ft",3,3,"PHP, Javascript",Webfejlesztő,"CodeIgniter, Nova, Bootstrap, JQuery",He?
2016.09.09. 11:37:36,30-35,Férfi,Gimnázium,Nem,Budapest,Bejárós,Kis- és középvállalkozás,1,Teljes munkaidős - állandó,"240 000,00 Ft",2,4,"Javascript, C#",junior fejlesztő,Asp.net,Star Trek
2016.09.09. 11:44:53,25-30,Férfi,Gimnázium,Nem,Budapest,Bejárós,Kis- és középvállalkozás,2,Teljes munkaidős - állandó,"280 000,00 Ft",1,1,"PHP, Javascript",Fejleszto,"Laravel, React, Less",He?
2016.09.09. 11:45:37,20-25,Férfi,Szakiskola,Igen,Budapest,Bejárós,Kis- és középvállalkozás,3,Teljes munkaidős - állandó,"200 000,00 Ft",4,4,"PHP, Javascript",Frontend fejlesztő,"Sass, less, react, angular, laravel, bootstrap, foundation, grunt, gulp, yeoman",Star Wars
2016.09.09. 11:46:53,20-25,Férfi,Szakközépiskola,Nem,Budapest,Bejárós,Bankszektor,3,Teljes munkaidős - állandó,"170 000,00 Ft",2,1,"PHP, Javascript, JQuery",PHP programozó / Webfejlesztő,,Star Trek
2016.09.09. 11:46:38,25-30,Nő,Egyetem,Igen,Vidék,Távmunka,Kis- és középvállalkozás,10,Szabadúszó,"250 000,00 Ft",4,4,"PHP, Javascript","Webdesigner, Sitebuilder","LES, SASS",Star Trek
2016.09.09. 11:51:07,25-30,Férfi,Szakközépiskola,Nem,Vidék,Távmunka,Kis- és középvállalkozás,10,Szabadúszó,"200 000,00 Ft",3,4,"PHP, Javascript",szabadúszó :),,Star Wars
2016.09.09. 11:52:13,25-30,Férfi,Egyetem,Igen,Budapest,Mindkettő,Startup,2,Szabadúszó,"200 000,00 Ft",2,4,"PHP, Javascript",Full stack developer,"less, sass, stylus, gulp, grunt, git, webpack,",Star Wars
2016.09.09. 11:51:40,25-30,Férfi,Gimnázium,Igen,Budapest,Bejárós,Kis- és középvállalkozás,5,Teljes munkaidős - állandó,"400 000,00 Ft",3,4,"Javascript, C#",Senior Frontend Fejlesztő,"Angular, SASS, LESS, Docker, ES6",Star Trek
2016.09.09. 11:55:40,30-35,Férfi,Főiskola,Igen,Budapest,Bejárós,Kis- és középvállalkozás,8,Teljes munkaidős - állandó,"500 000,00 Ft",4,4,"PHP, Javascript",Senior Tech PM,"Laravel, Symfony, Silex, PhantomJS, Angular, LESS, Bash, Mongodb, SQL, Canvas, NodeJS, Gulp, CSS3",Star Wars
2016.09.09. 11:59:15,30-35,Férfi,Egyetem,Igen,Budapest,Bejárós,Kis- és középvállalkozás,7,Teljes munkaidős - állandó,"500 000,00 Ft",4,4,"PHP, Javascript, C#",senior software engineer,,Star Wars
2016.09.09. 11:59:38,35-40,Férfi,Szakiskola,Nem,Budapest,Mindkettő,Változó hogy milyen ügyfeleim vannak,11,Szabadúszó,"400 000,00 Ft",4,3,"PHP, Javascript","Senior PHP, Full stack","Laravel, Phalcon, Angular, Redis, Typescript, ThreeJs, MongoDB, MySQL, Git, Bash, nodejs, bower, gulp, Vagrant, SASS, Bootstrap",He?
2016.09.09. 12:01:28,40+,Férfi,Szakközépiskola,Igen,Budapest,Bejárós,Kis- és középvállalkozás,9,Teljes munkaidős - állandó,"150 000,00 Ft",3,3,"PHP, Javascript",Vezető fejlesztő,,Star Wars
2016.09.09. 12:05:42,20-25,Férfi,Egyetem,Igen,Vidék,Bejárós,Kis- és középvállalkozás,6,Teljes munkaidős - állandó,"320 000,00 Ft",3,3,"PHP, Javascript, C#, C++, Java, Python",Marketing vezető,,Star Trek
2016.09.09. 12:06:24,15-20,Férfi,Szakközépiskola,Igen,Budapest,Bejárós,Kis- és középvállalkozás,3,Teljes munkaidős - állandó,"150 000,00 Ft",3,5,"Javascript, dot net",Frontend fejlesztő,LESS,He?
2016.09.09. 12:06:55,25-30,Férfi,Főiskola,Igen,Budapest,Bejárós,Nemzetközi cég,2,Teljes munkaidős - állandó,"250 000,00 Ft",3,1,"Javascript, C#",Junior,Spotfire,Star Wars
2016.09.09. 12:10:19,25-30,Férfi,Szakközépiskola,Igen,Budapest,Bejárós,Startup,4,Teljes munkaidős - állandó,"400 000,00 Ft",5,5,Javascript,Frontend fejlesztő,,
2016.09.09. 12:10:37,20-25,Férfi,Egyetem,Igen,Vidék,Bejárós,Nemzetközi cég,2,Diák,"60 000,00 Ft",1,1,"PHP, Javascript, css3, html5, angularJS, ajax",Web-developer,"Laravel, bootstrap, prestashop",Star Wars
2016.09.09. 12:15:57,20-25,Nő,Egyetem,Igen,Budapest,Bejárós,Kis- és középvállalkozás,0,Teljes munkaidős - állandó,"140 000,00 Ft",1,1,"Javascript, Java",Junior Frontend fejlesztő,"LESS, SASS, jQuery",Star Wars
2016.09.09. 12:20:27,40+,Férfi,Egyetem,Igen,Külföld,Mindkettő,Nemzetközi cég,25,Teljes munkaidős - állandó,"1 200 000,00 Ft",4,4,"C#, C++, Java",Architekt,SQL Server,He?
2016.09.09. 12:21:09,35-40,Férfi,Főiskola,Igen,Budapest,Bejárós,Nemzetközi cég,6,Teljes munkaidős - állandó,"300 000,00 Ft",4,2,"C++, Python",Test Automation Engineer,RobotFramework,He?
2016.09.09. 12:23:52,30-35,Férfi,Szakközépiskola,Nem,Budapest,Mindkettő,Kis- és középvállalkozás,11,Teljes munkaidős - állandó,"280 000,00 Ft",3,3,"PHP, Javascript, Python",Senior,"Laravel, Django, ExpressJS, MongoDB, MySQL, Oracle, Redis, Memcached, LESS, Gulp",He?
2016.09.09. 12:24:45,25-30,Férfi,Főiskola,Igen,Budapest,Bejárós,Nemzetközi cég,3,Teljes munkaidős - állandó,"390 000,00 Ft",3,3,"PHP, Javascript, C#, Python, Perl",Test Automation Expert,"Bootstrap, Jquery, Yii",Star Wars
2016.09.09. 12:25:35,20-25,Férfi,Szakközépiskola,Nem,Külföld,Távmunka,Nemzetközi cég,13,Szabadúszó,"660 000,00 Ft",3,2,"PHP, Javascript, C++, Java","full stack dev, 3d dev","angular, opengl",Star Wars
2016.09.09. 12:27:21,25-30,Férfi,Főiskola,Nem,Budapest,Bejárós,Kis- és középvállalkozás,4,Teljes munkaidős - állandó,"220 000,00 Ft",4,4,"PHP, Javascript",frontend fejlesztő / webdesigner,,Star Trek
2016.09.09. 12:35:20,30-35,Férfi,Főiskola,Igen,Budapest,Bejárós,Kis- és középvállalkozás,8,Teljes munkaidős - állandó,"350 000,00 Ft",3,4,"PHP, Javascript",Vezető fejlesztő,"LESS, SASS, Laravel, Angular",He?
2016.09.09. 12:36:22,30-35,Férfi,Főiskola,Igen,Budapest,Mindkettő,Kis- és középvállalkozás,10,"Szabadúszó, alkalmazott, válallakozó","700 000,00 Ft",4,3,"PHP, Javascript, Python",Vezető fejlesztő,,Star Wars
2016.09.09. 12:38:00,25-30,Férfi,Főiskola,Igen,Külföld,Bejárós,Nemzetközi cég,6,Teljes munkaidős - állandó,"680 000,00 Ft",4,5,"PHP, Javascript, C#, C++, Java, Ruby",Frontend fejlesztő,"Angular, Node.js, Express, LESS, SASS, Bash, MySQL, MongoDB, V",Star Trek
2016.09.09. 12:38:40,30-35,Férfi,Főiskola,Nem,Budapest,Bejárós,Nemzetközi cég,6,Teljes munkaidős - állandó,"480 000,00 Ft",3,4,"PHP, Javascript",Lead developer,,Star Wars
2016.09.09. 12:44:24,30-35,Férfi,Szakközépiskola,Igen,Vidék,Bejárós,Nemzetközi cég,12,Szabadúszó,"230 000,00 Ft",3,3,"PHP, Javascript, Html5,css,jquery,ajax","Frontend,backend fejesztő","Boostrap,angular",Star Trek
2016.09.09. 12:47:21,25-30,Férfi,Egyetem,Igen,Budapest,Bejárós,Kis- és középvállalkozás,5,Teljes munkaidős - állandó,"300 000,00 Ft",3,4,"PHP, Javascript, Java",Senior Backend fejlesztő,"Laravel, LESS, SASS, MySQL",Star Wars
2016.09.09. 12:48:07,35-40,Férfi,Szakközépiskola,Nem,Budapest,Bejárós,Nemzetközi cég,14,Teljes munkaidős - állandó,"250 000,00 Ft",2,5,"PHP, Javascript, Vb",Team manager,,He?
2016.09.09. 12:49:19,40+,Férfi,Főiskola,Nem,Budapest,Távmunka,Kis- és középvállalkozás,5,Szabadúszó,"270 000,00 Ft",3,3,"PHP, Javascript, Java",frontend,,Star Wars
2016.09.09. 12:59:49,40+,Férfi,Főiskola,Igen,Vidék,Bejárós,Nemzetközi cég,26,Teljes munkaidős - állandó,"570 000,00 Ft",5,5,C,Senior Developer,,Star Wars
2016.09.09. 13:02:47,25-30,Férfi,Szakközépiskola,Nem,Budapest,Mindkettő,Kis- és középvállalkozás,8,Teljes munkaidős - állandó,"387 000,00 Ft",4,4,"PHP, Javascript",Vezető fejlesztő,,He?
2016.09.09. 13:12:42,20-25,Férfi,Egyetem,Igen,Vidék,Mindkettő,Állami szféra,1,Diák,"100 000,00 Ft",2,2,"PHP, Javascript, C++, Java, Python, Sass,Bash,Symfony,Angular,React",Junior Fejlesztő,,Star Wars
2016.09.09. 13:16:35,25-30,Férfi,Gimnázium,Igen,Budapest,Mindkettő,Kis- és középvállalkozás,3,Szabadúszó,"400 000,00 Ft",4,5,"PHP, Javascript",Senior Frontend fejlesztő,"Less, Sass, Angular, Docker, Laravel, Ansible, Bash, Red Hat administrator",Star Wars
2016.09.09. 13:22:06,30-35,Férfi,Egyetem,Igen,Vidék,Bejárós,Kis- és középvállalkozás,3,Teljes munkaidős - állandó,"224 500,00 Ft",2,2,"PHP, Javascript, C++",PHP Programozó,,Star Wars
2016.09.09. 13:22:24,25-30,Férfi,Szakiskola,Igen,Budapest,Bejárós,Kis- és középvállalkozás,5,Teljes munkaidős - állandó,"240 000,00 Ft",3,4,"PHP, Javascript",Programozo,,He?
2016.09.09. 13:25:25,20-25,Férfi,Főiskola,Nem,Budapest,Mindkettő,Kis- és középvállalkozás,3,"Egyéni vállalkozó, de csak 2 cégnek dolgozok, arányaiban az egyiknek kb heti 4 napot, a másiknak pedig 1-et","550 000,00 Ft",5,5,"PHP, Javascript",Full-stack webfejlesztő,"Laravel, Zend, HTML5, CSS, SASS, Bootstrap, Javascript, jQuery, MySQL, PostgreSQL, Bash, Linux, Apache, AWS, Jenkins, Git, CI / CD, PHPUnit, Selenium",He?
2016.09.09. 13:25:30,20-25,Férfi,Egyetem,Igen,Budapest,Bejárós,Kis- és középvállalkozás,4,Teljes munkaidős - állandó,"330 000,00 Ft",4,5,"PHP, Javascript, C#, C++, Java, Swift, Python",Backend fejlesztő,"Laravel,Angular,Redis,SASS,nginx,Apache,Bash,Docker,MySQL,Gulp",Star Wars
2016.09.09. 13:38:27,30-35,Férfi,Szakiskola,Igen,Budapest,Bejárós,Kis- és középvállalkozás,5,Teljes munkaidős - állandó,"190 000,00 Ft",2,4,PHP,Frontend fejlesztő,,Star Wars
2016.09.09. 13:38:37,30-35,Férfi,Szakiskola,Igen,Vidék,Távmunka,Kis- és középvállalkozás,11,Szabadúszó,"600 000,00 Ft",4,4,"PHP, Javascript, C++",Vezető fejlesztő,,He?
2016.09.09. 13:39:35,25-30,Férfi,Egyetem,Nem,Budapest,Bejárós,Nemzetközi cég,3,Teljes munkaidős - állandó,"330 000,00 Ft",3,4,"PHP, Javascript, C#, Java",Software engineer,,Star Wars
2016.09.09. 13:41:34,20-25,Férfi,Gimnázium,Nem,Budapest,Bejárós,Startup,3,Teljes munkaidős - állandó,"276 000,00 Ft",3,3,"PHP, Javascript",Szoftverfejleszto,"Angular, React, LESS, SASS, Wordpress",He?
2016.09.09. 13:46:26,25-30,Férfi,Főiskola,Igen,Budapest,Távmunka,free,8,Szabadúszó,"500 000,00 Ft",3,1,"PHP, Javascript, C#, C++",vegyes,,Star Trek
2016.09.09. 13:49:50,20-25,Férfi,Szakközépiskola,Nem,Budapest,Mindkettő,Kis- és középvállalkozás,1,Részmunkaidő,"100 000,00 Ft",3,4,"PHP, Javascript",Senior,"Laravel, Symfony, MongoDB,",He?
2016.09.09. 13:50:38,25-30,Férfi,Egyetem,Nem,Budapest,Mindkettő,Kis- és középvállalkozás,2,Teljes munkaidős - állandó,"250 000,00 Ft",5,4,Javascript,Junior Javascript Developer,"Less, Sass, Bash, PHP, Python, HTML5, CSS3, MySQL, LUA, C",Star Trek
2016.09.09. 14:02:08,25-30,Férfi,Szakiskola,Igen,Budapest,Bejárós,Kis- és középvállalkozás,5,Teljes munkaidős - állandó,"250 000,00 Ft",3,3,"PHP, Javascript",Webfejleszto,,He?
2016.09.09. 14:03:56,20-25,Férfi,Gimnázium,Nem,Budapest,Távmunka,Startup,3,Szabadúszó,"250 000,00 Ft",3,4,"PHP, Javascript, Python, HTML, CSS blabla minden ami web dev",Fullstack Developer,"Laravel, Symfony, LESS, SASS, Mongodb",Star Wars
2016.09.09. 14:16:43,20-25,Férfi,Egyetem,Igen,Külföld,Bejárós,Nemzetközi cég,1,Teljes munkaidős - ideiglenes,"380 000,00 Ft",3,4,"Javascript, C#, C++, Java, TypeScript, HTML, CSS, XAML",Gyakornok,"Angular, ThreeJS",Star Wars
2016.09.09. 14:20:14,20-25,Férfi,Szakiskola,Igen,Budapest,Bejárós,Kis- és középvállalkozás,2,Teljes munkaidős - állandó,"180 000,00 Ft",2,3,"PHP, Javascript",Frontend fejlesztő,"angular2, sass, gulp, kohana",Star Wars
2016.09.09. 14:22:32,25-30,Férfi,Szakközépiskola,Nem,Budapest,Mindkettő,Nemzetközi cég,7,Teljes munkaidős - állandó,"350 000,00 Ft",3,2,"PHP, Javascript, HTML, CSS, SQL, Bash",Senior Backend Developer,"Laravel, Symfony, CodeIgniter, Social API-k, Memcache, PHPUnit, Redis, Doctrine, AdoDB, Composer, Twig, Smarty, SVN, Git, jQuery, jQuery UI, Handlebar, Bootstrap, Sphinx Search Engine...",Star Trek
2016.09.09. 14:25:15,20-25,Férfi,Szakközépiskola,Nem,Külföld,Távmunka,Startup,4,Teljes munkaidős - állandó,"800 000,00 Ft",3,3,"Javascript, C#, C++, Java, Swift, Python",Full Stack Engineer,,Star Wars
2016.09.09. 14:38:11,40+,Férfi,Főiskola,Igen,Külföld,Bejárós,"E-commerce, Fashion",13,Teljes munkaidős - állandó,"800 000,00 Ft",3,4,"PHP, Python",Senior backend dev.,Many,He?
2016.09.09. 14:39:00,30-35,Férfi,Általános iskola,Nem,Budapest,Mindkettő,Kis- és középvállalkozás,12,Teljes munkaidős - állandó,"500 000,00 Ft",4,3,"PHP, Javascript",Vezető fejlesztő,"Symfony, LESS, SASS, Redis, nincs kedvem sorolni",He?
2016.09.09. 14:42:27,20-25,Férfi,Szakiskola,Igen,Vidék,Távmunka,Kis- és középvállalkozás,4,Teljes munkaidős - állandó,"200 000,00 Ft",3,4,"PHP, Javascript, Swift, Python",Frontend fejlesztő,"LESS, MongoDB, Objective-c, MySQL, HTML",He?
2016.09.09. 14:44:35,25-30,Férfi,Szakközépiskola,Igen,Külföld,Bejárós,Nemzetközi cég,7,Teljes munkaidős - állandó,"940 000,00 Ft",4,5,"PHP, Javascript, C#, C++",Backend fejlesztö,"MongoDb, Elastic, Docker, Redis, Sass, Symfony",Star Wars
2016.09.09. 14:45:37,20-25,Férfi,Szakközépiskola,Igen,Budapest,Távmunka,Kis- és középvállalkozás,2,Szabadúszó,"300 000,00 Ft",4,3,"PHP, Javascript, C#",Backend fejlesztő,"Laravel, WordPress",He?
2016.09.09. 14:46:31,25-30,Férfi,Szakközépiskola,Nem,Külföld,Bejárós,Nemzetközi cég,5,Teljes munkaidős - állandó,"1 100 000,00 Ft",4,4,"PHP, Javascript",Frontend fejlesztő,"Angular, React, Backbone, jQuery, Bash, Laravel, SASS, AWS, Mongodb, MySQL, PostgreSQL",Star Wars
2016.09.09. 14:47:26,35-40,Férfi,Főiskola,Igen,Budapest,Mindkettő,Kis- és középvállalkozás,10,Teljes munkaidős - állandó,"431 000,00 Ft",4,4,Javascript,Frontend fejlesztő,"JADE, Stylus,..",He?
2016.09.09. 14:48:26,25-30,Férfi,Szakiskola,Igen,Budapest,Távmunka,szabadúszó,10,Szabadúszó,"500 000,00 Ft",5,3,"PHP, Javascript",Freelance digitial designer,"react, sass, less, angular",Star Wars
2016.09.09. 14:49:14,20-25,Férfi,Főiskola,Nem,Budapest,Bejárós,Magyar vállalat,4,Teljes munkaidős - állandó,"220 000,00 Ft",4,3,PHP,Junior frontend fejlesztő,"Angular, Bootstrap, LESS, SASS",Star Wars
2016.09.09. 14:49:42,25-30,Férfi,Szakközépiskola,Nem,Budapest,Távmunka,Kis- és középvállalkozás,8,Szabadúszó,"600 000,00 Ft",4,4,"PHP, Javascript",Frontend fejlesztő,,Star Trek
2016.09.09. 14:49:18,25-30,Férfi,Gimnázium,Nem,Budapest,Bejárós,Nemzetközi cég,12,Teljes munkaidős - állandó,"605 000,00 Ft",4,4,"Javascript, C#, SQL",Senior Software Engineer,"Angular,React,Azure,",Star Wars
2016.09.09. 14:50:39,25-30,Férfi,Gimnázium,Nem,Budapest,Bejárós,Nemzetközi cég,8,Teljes munkaidős - állandó,"380 000,00 Ft",3,3,"PHP, Javascript, Java",fejlesztő,,Star Wars
2016.09.09. 14:51:51,30-35,Férfi,Egyetem,Igen,Budapest,Bejárós,Kis- és középvállalkozás,15,Teljes munkaidős - állandó,"800 000,00 Ft",4,4,"Javascript, Java, Python",senior frontend developer,tl;dr,Star Wars
2016.09.09. 14:52:26,25-30,Férfi,Szakközépiskola,Nem,Budapest,Bejárós,Nemzetközi cég,6,Teljes munkaidős - állandó,"700 000,00 Ft",4,4,Javascript,Senior Engineer,mindenben is,Star Trek
2016.09.09. 14:55:18,20-25,Férfi,Gimnázium,Nem,Budapest,Bejárós,Kis- és középvállalkozás,2,Teljes munkaidős - állandó,"370 000,00 Ft",4,4,"PHP, Javascript",Frontend fejlesztő,"Angular,React,SASS,Jade,Node,Symfony",Star Wars
2016.09.09. 14:55:39,25-30,Férfi,Főiskola,Igen,Vidék,Bejárós,Startup,5,Teljes munkaidős - állandó,"300 000,00 Ft",4,5,"PHP, Javascript, Ruby",Full Stack,"Laravel, Yii2, Ruby on Rails, jQuery, Angular 1.x, Vagrant",He?
2016.09.09. 14:55:56,30-35,Férfi,Gimnázium,Igen,Külföld,Bejárós,Nemzetközi cég,5,Teljes munkaidős - ideiglenes,"1 200 000,00 Ft",4,4,Javascript,Front end developer,"Angular, SASS, NodeJs",He?
2016.09.09. 14:58:33,30-35,Férfi,Gimnázium,Nem,Budapest,Távmunka,Kis- és középvállalkozás,5,Szabadúszó,"400 000,00 Ft",3,4,"PHP, Javascript","Webdesigmer, frontend fejlesztő",,Star Wars
2016.09.09. 14:59:59,30-35,Férfi,Szakiskola,Igen,Vidék,Bejárós,Kis- és középvállalkozás,6,Teljes munkaidős - állandó,"250 000,00 Ft",4,4,"PHP, Javascript",vezető fejlesztő,"wordpress, angularjs, sass, nodejs, laravel",Star Wars
2016.09.09. 15:01:14,25-30,Férfi,Szakközépiskola,Nem,Budapest,Bejárós,Kis- és középvállalkozás,7,Teljes munkaidős - állandó,"450 000,00 Ft",4,4,"PHP, Javascript",Vezető frontend fejlesztő,"Laravel, SCSS, Docker, MySQL, Git, VueJS",He?
2016.09.09. 15:01:37,40+,Férfi,Szakközépiskola,Nem,Budapest,Távmunka,Kis- és középvállalkozás,20,Szabadúszó,"200 000,00 Ft",1,5,"PHP, Javascript",Senior webdeveloper,"Ember, Sass, Mysql, Html, CSS",Star Wars
2016.09.09. 15:03:01,25-30,Nő,Egyetem,Igen,Budapest,Bejárós,Nemzetközi cég,5,Teljes munkaidős - állandó,"370 000,00 Ft",2,2,"Javascript, C#, C++, Java",Full Stack Web Developer,"Angular, SASS, ElasticSearch, DB2, Sybase, Android",Star Trek
2016.09.09. 15:04:42,25-30,Férfi,Szakközépiskola,Igen,Budapest,Távmunka,Startup,6,Szabadúszó,"320 000,00 Ft",4,5,"PHP, Javascript, Java",Fejlesztő,"Zend, Laravel, Yii, CodeIgniter, Redis, MySql, PostgreSQL",Star Wars
2016.09.09. 15:07:41,25-30,Férfi,Egyetem,Igen,Budapest,Bejárós,Állami szféra,8,Teljes munkaidős - állandó,"432 000,00 Ft",4,4,"PHP, Javascript, Python, HTML, CSS, R",senior fejlesztő,,Star Wars
2016.09.09. 15:07:50,25-30,Férfi,Egyetem,Igen,Budapest,Bejárós,Nemzetközi cég,5,Teljes munkaidős - állandó,"450 000,00 Ft",4,5,"Javascript, Java",Frontend fejleszto,"Angular, SASS,",Star Wars
2016.09.09. 15:08:36,25-30,Férfi,Gimnázium,Igen,Budapest,Bejárós,Kis- és középvállalkozás,4,Teljes munkaidős - állandó,"240 000,00 Ft",3,5,"PHP, Javascript",Frontend fejleszto,"Angular 2, SASS",Star Wars
2016.09.09. 15:08:53,25-30,Férfi,Szakiskola,Nem,Budapest,Bejárós,Kis- és középvállalkozás,4,Teljes munkaidős - állandó,"220 000,00 Ft",4,4,"Javascript, jQuery, HTML",Frontend fejlesztő,,Star Trek
2016.09.09. 15:09:57,25-30,Férfi,Szakiskola,Nem,Budapest,Bejárós,Nemzetközi cég,3,Teljes munkaidős - állandó,"300 000,00 Ft",4,4,PHP,Helpdesk operátor,,Star Wars
2016.09.09. 15:12:31,35-40,Férfi,Főiskola,Igen,Budapest,Bejárós,Nemzetközi cég,15,Teljes munkaidős - állandó,"652 000,00 Ft",4,4,"PHP, Javascript, C++, Java, Delphi, Powerbuilder",Platform / Driver developer,"LESS, KVM, Redis, MySQL, Postgres, Linux / Unix / BSD, Certified ethical hacker, jQuery, Bootstrap, NodeJS, Android, QT, Oracle, Tuxedo, Assembly, etc...",Star Wars
2016.09.09. 15:13:46,35-40,Férfi,Főiskola,Igen,Budapest,Bejárós,Kis- és középvállalkozás,12,Teljes munkaidős - állandó,"450 000,00 Ft",3,3,"PHP, Javascript",senior fejlesztő,mysql,Star Wars
2016.09.09. 15:14:11,25-30,Férfi,Szakközépiskola,Nem,Budapest,Bejárós,Kis- és középvállalkozás,3,Teljes munkaidős - állandó,"300 000,00 Ft",3,3,"PHP, Javascript",Feontend,,Star Wars
2016.09.09. 15:17:29,25-30,Férfi,Szakközépiskola,Nem,Budapest,Mindkettő,Startup,6,Teljes munkaidős - állandó,"420 000,00 Ft",3,3,"PHP, Javascript",Frontend fejleszto,"Laravel, React, Angular, Heroku, LESS, SASS, CSS, HTML5, Webpack, Grunt, Npm, NodeJS, Yii, Redis, MySQL, PostgreSQL",Star Wars
2016.09.09. 15:17:32,30-35,Férfi,Főiskola,Igen,Budapest,Bejárós,Kis- és középvállalkozás,10,Teljes munkaidős - állandó,"600 000,00 Ft",4,4,"PHP, Javascript",Fejlesztési vezető,"Symfony, MongoDB",He?
2016.09.09. 15:18:01,25-30,Férfi,Egyetem,Igen,Budapest,Mindkettő,Kis- és középvállalkozás,3,Teljes munkaidős - állandó,"420 000,00 Ft",4,3,"Javascript, C#",Senior .NET fejlesztő,"Sitecore, ASP.NET, ASP.NET MVC, Mongodb, Git, SVN, TFS, SharePoint, Windows Phone, XNA, jQuery",He?
2016.09.09. 15:25:01,35-40,Férfi,Szakközépiskola,Nem,Budapest,Mindkettő,Kis- és középvállalkozás,12,Teljes munkaidős - állandó,"310 000,00 Ft",4,3,"PHP, Javascript",Full stack fejlesztő,SASS,Star Trek
2016.09.09. 15:25:15,25-30,Férfi,Főiskola,Igen,Budapest,Távmunka,Nemzetközi cég,3,Szabadúszó,"520 000,00 Ft",3,3,"PHP, Javascript, C#, C++, Java, Python",Vezető fejlesztő,Minden ami kell,Star Wars
2016.09.09. 15:25:48,30-35,Férfi,Szakközépiskola,Nem,Budapest,Bejárós,Startup,7,Teljes munkaidős - állandó,"635 000,00 Ft",5,4,"Javascript, Java, Python",fejlesztő,"Nodejs, Angular, React, Postgresql, MongoDb, Redis,",He?
2016.09.09. 15:28:30,25-30,Férfi,Szakközépiskola,Nem,Budapest,Bejárós,média,5,Teljes munkaidős - állandó,"250 000,00 Ft",2,4,html css,designer,,Star Trek
2016.09.09. 15:32:25,20-25,Férfi,Szakközépiskola,Igen,Budapest,Bejárós,Kis- és középvállalkozás,4,Teljes munkaidős - állandó,"370 000,00 Ft",5,4,"PHP, Javascript",Medior,"Symfony, Sass, bash",Star Wars
2016.09.09. 15:40:04,20-25,Férfi,Szakközépiskola,Nem,Vidék,Bejárós,Startup,2,Teljes munkaidős - állandó,"200 000,00 Ft",3,3,Javascript,Frontend fejlesztő,"LESS, SASS, Bash",Star Wars
2016.09.09. 15:41:22,25-30,Férfi,Gimnázium,Nem,Budapest,Távmunka,Kis- és középvállalkozás,2,Részmunkaidő,"200 000,00 Ft",4,5,"PHP, Javascript",Frontend fejlesztő,"Laravel, React, Angular",He?
2016.09.09. 15:44:17,30-35,Férfi,Főiskola,Igen,Budapest,Bejárós,Nemzetközi cég,12,Teljes munkaidős - állandó,"450 000,00 Ft",3,3,"Javascript, C#",Framework Developer,"Angular, XML, JSON, WCF, MEF",Star Wars
2016.09.09. 15:48:25,25-30,Férfi,Egyetem,Igen,Budapest,Bejárós,Nemzetközi cég,7,Teljes munkaidős - állandó,"600 000,00 Ft",4,5,"PHP, Javascript",Technical Lead,,Star Wars
2016.09.09. 15:49:17,25-30,Férfi,Szakközépiskola,Nem,Budapest,Mindkettő,Kis- és középvállalkozás,5,Teljes munkaidős - állandó,"500 000,00 Ft",5,5,"Javascript, Swift",Frontend / iOS fejlesztő,"React, Angular 2, Backbone, ExtJS, Git, WordPress, LESS, SASS, Stylus, Docker",Star Trek
2016.09.09. 15:57:42,35-40,Férfi,Gimnázium,Nem,Budapest,Bejárós,Nemzetközi cég,13,Teljes munkaidős - állandó,"390 000,00 Ft",4,5,"Javascript, Python, Typescript","Sitebuilder, Grafikus, UX designer, Nodejs fejlesztő","CSS, SASS, LESS, Bootstrap, Fontawsome, Zurb Foundation, Wordpress, Drupal, Docker, Vagrant, Linux, Bash, Ohmyzsh, Photoshop, Illustrator, Git, Github, Tipográfia, Kézirajz, Nyomdai tervezés",Star Wars
2016.09.09. 16:01:47,30-35,Férfi,Egyetem,Igen,Vegyes,Mindkettő,Nemzetközi cég,9,Teljes munkaidős - állandó,"1 080 000,00 Ft",5,3,"PHP, Javascript",Frontend fejlesztő,"Angular, SASS, Firebase, Ionic",Star Wars
2016.09.09. 16:03:07,30-35,Férfi,Gimnázium,Nem,Budapest,Bejárós,Nemzetközi cég,12,Teljes munkaidős - állandó,"700 000,00 Ft",4,4,"PHP, Javascript",Senior Product Designer,SASS,Star Wars
2016.09.09. 16:09:27,35-40,Férfi,Főiskola,Igen,Budapest,Bejárós,Nemzetközi cég,13,Teljes munkaidős - állandó,"430 000,00 Ft",4,1,"PHP, Javascript, Java",Software engineer,"sass,mysql,bBackbone,gGrunt, webpack, maven, spring, git, svn, jira, jquery, angular, selenium, mockito, tdd, jasmine, smarty, jenkins, ansible",He?
2016.09.09. 16:09:31,20-25,Férfi,Szakközépiskola,Igen,Budapest,Mindkettő,Magyar piacvezető cég de több szomszédos országban van leányvállalata,6,Teljes munkaidős - állandó,"280 000,00 Ft",3,3,"PHP, Javascript, Java, Python, Bash, Tcl/Tk, MySQL, Firebird",Senior Full-Stack fejlesztő,"CodeIgniter, Phalcon, Bash, MySQL, Firebird",Star Trek
2016.09.09. 16:09:33,25-30,Férfi,Egyetem,Igen,Budapest,Bejárós,Kis- és középvállalkozás,4,Teljes munkaidős - állandó,"360 000,00 Ft",2,2,"Javascript, C#",Developer,"Angular, React, LESS, SASS, Docker, Bash, AWS, Redis, Mongodb",Star Trek
2016.09.09. 16:26:54,30-35,Férfi,Főiskola,Igen,Vidék,Bejárós,Állami szféra,5,Teljes munkaidős - állandó,"165 000,00 Ft",1,1,PHP,junior,,Star Wars
2016.09.09. 16:34:05,25-30,Férfi,Gimnázium,Igen,Budapest,Bejárós,Kis- és középvállalkozás,3,Teljes munkaidős - állandó,"310 000,00 Ft",3,4,"PHP, Javascript",Frontend fejlesztő,"Angular, LESS, SASS, Docker, Bash, NodeJS, Gulp, Grunt",Star Wars
2016.09.09. 16:45:48,35-40,Férfi,Főiskola,Igen,Budapest,Mindkettő,Kis- és középvállalkozás,10,Teljes munkaidős - állandó,"350 000,00 Ft",3,5,Javascript,Frontend fejlesztő,"React, Sass, Less, Angular",Star Wars
2016.09.09. 17:03:00,25-30,Férfi,Főiskola,Igen,Külföld,Bejárós,Állami szféra,3,Teljes munkaidős - állandó,"255 000,00 Ft",3,2,"PHP, Javascript, C++, Java, Pl/sql; pgsql",Szoftverfejlesztő,"PostgreSQL, OracleDB, JQuery, SVN, GIT, Linux, Nginx, Apache webszerver, Apache Tomcat, Oracle weblogic",Star Wars
2016.09.09. 17:03:38,30-35,Férfi,Főiskola,Igen,Budapest,Bejárós,Kis- és középvállalkozás,10,Teljes munkaidős - állandó,"446 000,00 Ft",3,4,Java,Senior fejlesztő,,Star Wars
2016.09.09. 17:12:22,20-25,Férfi,Szakközépiskola,Igen,Vidék,Mindkettő,Bankszektor,6,Teljes munkaidős - ideiglenes,"50 000,00 Ft",1,4,PHP,"Vezető fejlesztő, Frontend fejlesztő, stb",LESS és kb az összes,Star Wars
2016.09.09. 17:13:49,30-35,Nő,Gimnázium,Nem,Budapest,Bejárós,Kis- és középvállalkozás,12,Teljes munkaidős - állandó,"390 000,00 Ft",2,1,"PHP, Javascript",PHP fejlesztő,"Laravel, Redis, Unix",Star Trek
2016.09.09. 17:22:29,20-25,Férfi,Szakközépiskola,Nem,Budapest,Bejárós,Kis- és középvállalkozás,5,Teljes munkaidős - állandó,"400 000,00 Ft",4,4,"PHP, Javascript",Vezeto fejleszto,"Laravel, scss, babeljs, jquery, cakephp, codeigniter, yii",He?
2016.09.09. 17:24:09,35-40,Férfi,Szakiskola,Nem,Vidék,Távmunka,Kis- és középvállalkozás,10,Szabadúszó,"100 000,00 Ft",2,2,Actionscript,Designer,,He?
2016.09.09. 17:26:43,20-25,Férfi,Szakközépiskola,Nem,Budapest,Bejárós,Kis- és középvállalkozás,3,Teljes munkaidős - állandó,"325 000,00 Ft",4,1,"PHP, Javascript",backend és lead frontend,"Laravel, LESS, SASS/SCSS, Gulp, Grunt, ES6, Leaflet, Bash, Ubuntu DevOps, MySQL, Vue.js, Drupal 7-8",He?
2016.09.09. 17:44:36,25-30,Férfi,Szakiskola,Igen,Budapest,Bejárós,Kis- és középvállalkozás,4,Teljes munkaidős - állandó,"240 000,00 Ft",4,2,"PHP, Javascript, C#",Full stack fejlesztő,"Angular,SASS,Docker,Sphinx,ES6,FabricJS",Star Wars
2016.09.09. 17:49:51,25-30,Férfi,Egyetem,Igen,Vidék,Bejárós,Nemzetközi cég,3,Teljes munkaidős - állandó,"165 000,00 Ft",1,1,"PHP, C++, Python, C",Programozó,"Codeigniter, elektronika, automatizálás, szenzorok, IoT",Star Wars
2016.09.09. 17:57:41,25-30,Férfi,Szakiskola,Igen,Külföld,Mindkettő,Kis- és középvállalkozás,0,Teljes munkaidős - állandó,"300 000,00 Ft",3,3,"PHP, Javascript",webprogramozó,,Star Wars
2016.09.09. 17:59:21,25-30,Férfi,Egyetem,Nem,Budapest,Bejárós,Nemzetközi cég,7,Teljes munkaidős - állandó,"440 000,00 Ft",4,3,Javascript,Lead UI Designer / Developer,"html, css, less, sass, mysql,",Star Trek
2016.09.09. 18:06:01,35-40,Férfi,Egyetem,Igen,Budapest,Bejárós,Nemzetközi cég,32,Teljes munkaidős - állandó,"350 000,00 Ft",4,4,"PHP, Javascript",programozo,Bash? MySQL,Star Wars
2016.09.09. 18:07:42,25-30,Férfi,Főiskola,Igen,Budapest,Bejárós,Nemzetközi cég,12,Teljes munkaidős - állandó,"2 500 000,00 Ft",5,5,"PHP, Javascript, C#, C++, Java, Ruby, Swift, Python",Vezető programozó,,Star Trek
2016.09.09. 18:07:51,20-25,Férfi,Főiskola,Igen,Budapest,Távmunka,Nemzetközi cég,8,Teljes munkaidős - állandó,"220 000,00 Ft",3,4,"PHP, Javascript, Java",Lead IT Developer,"MVC, Yii, CMS, jQuery, Angular, LESS",Star Wars
2016.09.09. 18:15:16,35-40,Férfi,Főiskola,Nem,Budapest,Bejárós,Nemzetközi cég,12,Teljes munkaidős - állandó,"598 000,00 Ft",4,3,Java,Szenior developer,,He?
2016.09.09. 18:15:29,30-35,Férfi,Általános iskola,Nem,Budapest,Mindkettő,Kis- és középvállalkozás,12,Teljes munkaidős - állandó,"310 000,00 Ft",3,3,"PHP, Javascript",Senior Backend fejlesztő,"Yii2, Angular, LESS",Star Trek
2016.09.09. 18:15:46,25-30,Férfi,Egyetem,Igen,Külföld,Bejárós,public sector (EU),9,Teljes munkaidős - állandó,"1 300 000,00 Ft",5,4,PHP,technical lead,drupal,Star Wars
2016.09.09. 18:19:05,20-25,Férfi,Szakközépiskola,Nem,Budapest,Bejárós,Nemzetközi cég,3,Teljes munkaidős - állandó,"172 000,00 Ft",3,3,"PHP, Javascript",Junior,"Less,sass,docker,angular,redis,prosgesql",Star Wars
2016.09.09. 18:43:26,25-30,Férfi,Főiskola,Igen,Budapest,Bejárós,Kis- és középvállalkozás,8,Teljes munkaidős - állandó,"450 000,00 Ft",4,3,"PHP, Javascript",Front End Fejlesztő (senior - ez relatív) | Alapvetően Full Stack fejlesztő de a cégnél a Frontend-en nagy hiány van.,"Angular, SASS, (UX/UI, Webdesign)",He?
2016.09.09. 18:51:10,25-30,Férfi,Gimnázium,Nem,Külföld,Távmunka,Nemzetközi cég,2,Teljes munkaidős - állandó,"800 000,00 Ft",3,5,"PHP, Javascript",Frontend fejlesztő,"LESS, MySQL, git, Mongodb,",He?
2016.09.09. 18:57:34,30-35,Férfi,Főiskola,Igen,Vidék,Bejárós,Startup,15,Teljes munkaidős - állandó,"450 000,00 Ft",5,5,"PHP, Javascript, Python",Vezető fejlesztő,,Star Trek
2016.09.09. 19:10:38,25-30,Férfi,Főiskola,Igen,Budapest,Bejárós,Nemzetközi cég,7,Teljes munkaidős - állandó,"910 000,00 Ft",4,4,"Javascript, C#",Engineering Manager,,Star Trek
2016.09.09. 19:10:45,25-30,Férfi,Gimnázium,Nem,Külföld,Bejárós,Nemzetközi cég,2,Teljes munkaidős - állandó,"710 000,00 Ft",4,5,Javascript,frontend fejleszto,,Star Wars
2016.09.09. 19:29:26,30-35,Férfi,Főiskola,Igen,Budapest,Bejárós,Kis- és középvállalkozás,10,Teljes munkaidős - állandó,"470 000,00 Ft",2,3,"PHP, Javascript",Senior Frontend Developer,"Redis, Mongodb, LESS, SASS, Backbone, Gunt, Node.js",Star Wars
2016.09.09. 19:41:29,30-35,Férfi,Szakközépiskola,Nem,Budapest,Mindkettő,Kis- és középvállalkozás,2,Szabadúszó,"480 000,00 Ft",4,5,"PHP, Javascript",full stack fejlesztő,,Star Wars
2016.09.09. 19:49:04,25-30,Férfi,Egyetem,Igen,Budapest,Bejárós,Kis- és középvállalkozás,10,Teljes munkaidős - állandó,"700 000,00 Ft",3,3,"Javascript, C++, Java",Lead,"Spring, Angular, SASS, Docker, MySQL, Postgres, PostGis, AWS",He?
2016.09.09. 20:12:00,15-20,Férfi,Általános iskola,Nem,Budapest,Mindkettő,Kis- és középvállalkozás,4,Diák,"120 000,00 Ft",3,2,C#,Szoftvertesztelő / fejlesztő gyakornok,,Star Trek
2016.09.09. 20:20:22,25-30,Férfi,Egyetem,Nem,Budapest,Bejárós,Nemzetközi cég,3,Teljes munkaidős - állandó,"300 000,00 Ft",3,4,"PHP, Javascript, Java",szoftverfejlesztő,,Star Trek
2016.09.09. 20:24:58,30-35,Férfi,Gimnázium,Nem,Budapest,Bejárós,Nemzetközi cég,9,Teljes munkaidős - állandó,"362 000,00 Ft",4,4,"PHP, Javascript",Senior web developer,"CodeIgniter, less, sass, angularjs, lamp, bash",Star Wars
2016.09.09. 20:58:33,40+,Férfi,Szakközépiskola,Igen,Budapest,Bejárós,Nemzetközi cég,25,Teljes munkaidős - állandó,"1 080 000,00 Ft",4,2,"Javascript, C#, Java",Principal,"Angular, LESS, AWS, Redis, Azure, knockout, CSS, HTML, Elasticsearch, RabbitMq, Devexpress, SQL, PHP, Delphi, ASP.NET, .Net, jQuery, TFS, Git, Drupal, WCF, SalesForce",Star Wars
2016.09.09. 21:01:30,25-30,Férfi,Egyetem,Igen,Külföld,Mindkettő,Startup,5,Teljes munkaidős - állandó,"1 050 000,00 Ft",5,5,"PHP, Javascript, C++, Java, C",Vezeto fejleszto / CTO,,Star Wars
2016.09.09. 21:03:09,35-40,Férfi,Szakiskola,Nem,Budapest,Mindkettő,Nemzetközi cég,16,Teljes munkaidős - állandó,"179 000,00 Ft",2,3,"PHP, Javascript",Frontend fejlesztő,"Angular, React, Ember, LESS, SASS",Star Wars
2016.09.09. 21:05:41,35-40,Férfi,Főiskola,Igen,Budapest,Bejárós,Nemzetközi cég,18,Teljes munkaidős - állandó,"857 000,00 Ft",5,5,"PHP, Javascript, Ruby, Python",vezető fejlesztő,sokminden,He?
2016.09.09. 21:23:32,40+,Férfi,Főiskola,Igen,Budapest,Bejárós,Nemzetközi cég,16,Teljes munkaidős - állandó,"677 000,00 Ft",5,5,"Javascript, Java",lead developer,,Star Wars
2016.09.09. 21:29:17,20-25,Férfi,Szakközépiskola,Nem,Budapest,Távmunka,Egyéni vállalkozó,2,Szabadúszó,"150 000,00 Ft",3,3,"Javascript, C#",Frontend fejlesztő,jQuery,Star Wars
2016.09.09. 21:43:54,35-40,Férfi,Szakközépiskola,Igen,Budapest,Bejárós,Nemzetközi cég,18,Teljes munkaidős - állandó,"635 000,00 Ft",4,3,"PHP, Javascript",Vezető frontend fejlesztő,"sass, google soy",Star Wars
2016.09.09. 21:51:52,25-30,Férfi,Gimnázium,Nem,Budapest,Bejárós,Bankszektor,5,Teljes munkaidős - állandó,"650 000,00 Ft",4,2,Javascript,Senior Frontend fejlesztő,"Node.js, Koa, Angular, SASS, Docker, AWS, Redis, MongoDb",He?
2016.09.09. 22:05:59,20-25,Férfi,Egyetem,Igen,Vidék,Bejárós,Kis- és középvállalkozás,3,Teljes munkaidős - állandó,"226 000,00 Ft",4,4,"PHP, Javascript",Webfejlesztő,"Vagrant, postgre",Star Wars
2016.09.09. 22:27:05,35-40,Férfi,Egyetem,Igen,Budapest,Bejárós,Kis- és középvállalkozás,15,Teljes munkaidős - állandó,"300 000,00 Ft",4,5,"PHP, Javascript, C#, Java",Vezető fejlesztő,,Star Trek
2016.09.09. 22:32:23,30-35,Férfi,Főiskola,Igen,Vidék,Bejárós,Kis- és középvállalkozás,1,Teljes munkaidős - állandó,"140 000,00 Ft",3,4,"PHP, Javascript",Junior,,Star Wars
2016.09.09. 22:44:44,25-30,Férfi,Főiskola,Igen,Budapest,Távmunka,Kis- és középvállalkozás,9,Szabaduszo + alkalmazott,"500 000,00 Ft",3,3,"PHP, Javascript","Tulajdonos, Vezeto fejleszto",LESS,He?
2016.09.09. 22:53:20,25-30,Férfi,Főiskola,Igen,Budapest,Bejárós,Kis- és középvállalkozás,1,Teljes munkaidős - állandó,"120 000,00 Ft",1,2,"PHP, Javascript",Frontend fejlesztő,"Symfony, SASS",Star Wars
2016.09.09. 22:53:22,20-25,Férfi,Gimnázium,Nem,Vidék,Bejárós,Kis- és középvállalkozás,0,Teljes munkaidős - állandó,"130 000,00 Ft",1,3,"Javascript, C#, Java",Junior Frontend fejlesztő,"Angular, Sass, Redis, Firebase, Bash, Hibernate, Spring, Polymer, Cordova, Ionic",Star Wars
2016.09.09. 22:56:11,20-25,Férfi,Egyetem,Igen,Budapest,Bejárós,Kis- és középvállalkozás,1,Diák,"300 000,00 Ft",5,4,"Javascript, C#",Fejlesztő,,Star Wars
2016.09.09. 23:27:21,30-35,Férfi,Főiskola,Igen,Budapest,Bejárós,Kis- és középvállalkozás,8,Teljes munkaidős - állandó,"370 000,00 Ft",4,4,"PHP, Javascript",Vezető fejlesztő,,Star Trek
2016.09.09. 23:32:37,25-30,Férfi,Főiskola,Igen,Budapest,Távmunka,Nemzetközi cég,7,Szabadúszó,"200 000,00 Ft",3,3,"PHP, Javascript",Fejlesztő,,Star Trek
2016.09.09. 23:59:23,30-35,Férfi,Főiskola,Nem,Budapest,Mindkettő,Kis- és középvállalkozás,3,Teljes munkaidős - állandó,"300 000,00 Ft",3,3,"PHP, Javascript",simán fejlesztő,,Star Wars
2016.10.09. 0:27:40,25-30,Férfi,Szakközépiskola,Igen,Budapest,Mindkettő,Nemzetközi cég,13,Teljes munkaidős - állandó,"580 000,00 Ft",4,4,"Javascript, Ruby, Python",Lead,"Angular, React",Star Wars
2016.10.09. 0:42:09,20-25,Férfi,Egyetem,Igen,Budapest,Bejárós,Kis- és középvállalkozás,0,Teljes munkaidős - állandó,"200 000,00 Ft",3,4,"PHP, Javascript, C++, Java",Webfejlesztő,,Star Wars
2016.10.09. 0:43:59,25-30,Nő,Egyetem,Nem,Külföld,Mindkettő,Nemzetközi cég,3,Szabadúszó,"1 800 000,00 Ft",5,5,"Javascript, Java, HTML, CSS, other front end related",Front end dev,"Sass, less, compass, stylus, grunt, gulp, tdd, node.js, angular, vue.js, es6, jade, swig, a11y, performance opt, sitespeed.io, gsap, bodymovin, kicsi backend (laravel, lumen, sqlite)",Star Wars
2016.10.09. 0:46:10,25-30,Férfi,Egyetem,Igen,Budapest,Mindkettő,Kis- és középvállalkozás,2,Teljes munkaidős - állandó,"250 000,00 Ft",3,5,"C++, Ruby, Python",Cloud Engeneer,"Docker, Bash, AWS, Redis, Jenkins, Packer, Puppet Chef, Mysql,",Star Wars
2016.10.09. 1:30:45,30-35,Férfi,Egyetem,Igen,Budapest,Mindkettő,Startup,10,Teljes munkaidős - állandó,"1 000 000,00 Ft",5,5,"PHP, Javascript, Ruby, Python",lead architect,"laravel, angular, vue, codeigniter, django, redis, mongo, mysql, oracle, RoR, .net MVC, phonegap, ionic",Star Wars
2016.10.09. 2:47:32,25-30,Férfi,Szakközépiskola,Igen,Budapest,Mindkettő,Startup,4,Teljes munkaidős - állandó,"400 000,00 Ft",3,4,"PHP, Javascript, Java, Python, GO",Backend developer,GO,Star Wars
2016.10.09. 4:59:24,30-35,Férfi,Szakközépiskola,Igen,Budapest,Bejárós,Kis- és középvállalkozás,10,Teljes munkaidős - állandó,"275 000,00 Ft",3,3,"PHP, Javascript",vezető fejlesztő,,He?
2016.10.09. 7:16:41,25-30,Férfi,Szakközépiskola,Nem,Vidék,Mindkettő,Kis- és középvállalkozás,13,Szabadúszó,"80 000,00 Ft",1,2,"Javascript, GML",Web designer,,Star Wars
2016.10.09. 7:38:30,20-25,Férfi,Egyetem,Igen,Külföld,Bejárós,Nemzetközi cég,3,Teljes munkaidős - állandó,"3 000 000,00 Ft",5,5,"PHP, Javascript, C++, Java",Senior Front-end Developer,,Star Trek
2016.10.09. 7:47:02,20-25,Férfi,Egyetem,Igen,Külföld,Távmunka,Startup,2,Teljes munkaidős - ideiglenes,"700 000,00 Ft",4,3,"Javascript, Python",Full stack developer,"Angular, Django",Star Wars
2016.10.09. 7:49:24,25-30,Férfi,Egyetem,Igen,Budapest,Bejárós,Startup,5,Teljes munkaidős - állandó,"600 000,00 Ft",5,5,"PHP, Javascript, Python",PM,"SASS, Docker, Mongodb",Star Wars
2016.10.09. 7:58:38,30-35,Férfi,Egyetem,Igen,Budapest,Mindkettő,Kis- és középvállalkozás,9,Teljes munkaidős - állandó,"500 000,00 Ft",3,4,"Javascript, Java",Lead,,Star Wars
2016.10.09. 8:25:40,30-35,Férfi,Főiskola,Igen,Vidék,Bejárós,Kis- és középvállalkozás,12,Teljes munkaidős - állandó,"400 000,00 Ft",4,4,"PHP, Javascript",Team leader,"Kendo, mysql",Star Wars
2016.10.09. 8:29:27,30-35,Férfi,Szakközépiskola,Igen,Budapest,Mindkettő,Kis- és középvállalkozás,1,Teljes munkaidős - állandó,"180 000,00 Ft",4,5,"PHP, Javascript, html css",site-builder,"bootstrap, jquery",Star Wars
2016.10.09. 8:31:44,35-40,Férfi,Főiskola,Igen,Budapest,Bejárós,Nemzetközi cég,18,Teljes munkaidős - állandó,"500 000,00 Ft",4,3,"Javascript, nodejs",Senior Front end developer,"HTML,CSS,SASS",Star Wars
2016.10.09. 9:18:43,35-40,Férfi,Gimnázium,Nem,Külföld,Mindkettő,Bankszektor,16,Teljes munkaidős - állandó,"1 540 000,00 Ft",4,4,"PHP, Javascript, Java",Senior software engineer,"Angular, React, SASS, LESS, Redis, Elastic Search, Node.js",Star Wars
2016.10.09. 9:39:24,25-30,Férfi,Főiskola,Igen,Budapest,Mindkettő,Nemzetközi cég,8,Teljes munkaidős - állandó,"650 000,00 Ft",5,5,"PHP, Javascript, Java, CSA, Vs",vezető fejlesztő,"LESS, SASS, Angular",He?
2016.10.09. 9:52:09,20-25,Férfi,Főiskola,Nem,Budapest,Bejárós,Nemzetközi cég,1,Teljes munkaidős - állandó,"230 000,00 Ft",4,5,"Javascript, Python",Alkalmazás üzemeltető,"Docker, postgres, php, html,",Star Wars
2016.10.09. 9:54:33,20-25,Férfi,Gimnázium,Nem,Budapest,Távmunka,Kis- és középvállalkozás,3,Teljes munkaidős - állandó,"320 000,00 Ft",4,4,"PHP, Javascript, C++",Full Stack,,He?
2016.10.09. 10:04:21,20-25,Nő,Egyetem,Igen,Budapest,Mindkettő,Kis- és középvállalkozás,0,Teljes munkaidős - állandó,"210 000,00 Ft",4,3,"PHP, Javascript, C#, C++",Javascript fejlesztő (Junior),"Angular, Node, SASS, SQL, CodeIgniter, WordPress, Flash",Star Wars
2016.10.09. 10:30:15,35-40,Férfi,Gimnázium,Nem,Budapest,Mindkettő,Nemzetközi cég,15,Teljes munkaidős - állandó,"650 000,00 Ft",3,4,"PHP, Javascript, Java",Senior application developer,*,Star Trek
2016.10.09. 10:50:19,20-25,Férfi,Gimnázium,Nem,Budapest,Bejárós,Nemzetközi cég,6,Teljes munkaidős - állandó,"418 000,00 Ft",3,3,"PHP, Javascript, C#, Java, Python",Backend Fejlesztő,"Docker,Bash,SASS,Git,DevOps,Ansible,Varnish",Star Trek
2016.10.09. 11:02:51,40+,Férfi,Szakiskola,Igen,Külföld,Bejárós,Nemzetközi cég,16,Teljes munkaidős - állandó,"1 182 702,00 Ft",4,4,"PHP, Javascript, C#, C++, Java",Senior PHP fejlesztő,"SASS, RequireJS, Backbone JS, LAPM, Pascal,",Star Wars
2016.10.09. 11:27:48,25-30,Férfi,Egyetem,Nem,Budapest,Bejárós,Nemzetközi cég,1,Teljes munkaidős - állandó,"267 000,00 Ft",1,2,"Javascript, Ruby, Python",developer,tul sok,Star Wars
2016.10.09. 11:29:29,30-35,Férfi,Egyetem,Igen,Budapest,Bejárós,Kis- és középvállalkozás,15,Szabadúszó és fix is,"150 000,00 Ft",5,5,"PHP, Javascript, C#, Java, Python",Senior Lead Developer,Mindegyikben,Star Wars
2016.10.09. 11:40:26,30-35,Férfi,Főiskola,Igen,Budapest,Bejárós,Kis- és középvállalkozás,8,Teljes munkaidős - állandó,"400 000,00 Ft",3,4,PHP,Senior Backend Developer,Symfony 2,Star Wars
2016.10.09. 11:41:51,35-40,Férfi,Egyetem,Igen,Vidék,Bejárós,Kis- és középvállalkozás,7,Teljes munkaidős - állandó,"200 000,00 Ft",1,2,"C#, Java, html, css",Fejlesztő,"OOP, TDD, SCRUM, JDBC, Entity Framework, NHibernate, MVC, Git, Microsoft Team Foundation Server, SVN, SQL",Star Wars
2016.10.09. 11:43:02,30-35,Férfi,Főiskola,Igen,Budapest,Bejárós,Kis- és középvállalkozás,8,Teljes munkaidős - állandó,"400 000,00 Ft",3,4,PHP,Senior Backend Developer,Symfony 2,Star Wars
2016.10.09. 11:43:51,30-35,Férfi,Főiskola,Igen,Budapest,Bejárós,Kis- és középvállalkozás,8,Teljes munkaidős - állandó,"400 000,00 Ft",3,4,PHP,Senior Backend Developer,Symfony 2,Star Wars
2016.10.09. 11:51:36,20-25,Férfi,Egyetem,Igen,Budapest,Bejárós,Kis- és középvállalkozás,3,Teljes munkaidős - állandó,"260 000,00 Ft",4,4,"PHP, Javascript",Backend fejlesztő,"Symfony, Laravel, Codeigniter",Star Wars
2016.10.09. 12:12:34,25-30,Férfi,Szakiskola,Igen,Budapest,Bejárós,Kis- és középvállalkozás,6,Teljes munkaidős - állandó,"430 000,00 Ft",4,4,"PHP, Javascript",Head of Frontend Developer,"Laravel, Angular, React, LESS, SASS, Docker, AWS, Redis, Mongodb",Star Wars
2016.10.09. 12:13:29,30-35,Férfi,Egyetem,Igen,Budapest,Bejárós,Nemzetközi cég,7,Teljes munkaidős - állandó,"450 000,00 Ft",2,1,"Java, Android",Senior Android Fejlesztő,Android,He?
2016.10.09. 12:28:06,30-35,Férfi,Főiskola,Nem,Budapest,Bejárós,Kis- és középvállalkozás,9,Teljes munkaidős - állandó,"410 000,00 Ft",3,4,"PHP, Javascript, Mysql, CSS,",Senior,Cache,He?
2016.10.09. 12:47:51,30-35,Férfi,Szakközépiskola,Nem,Budapest,Bejárós,Nemzetközi cég,5,Teljes munkaidős - állandó,"350 000,00 Ft",4,5,"PHP, Javascript, Java, Swift, Python, Kotlin, Objective-C",Mobil alkalmazás fejlesztő,"Node Js, MongoDB, Bash, Git, Angular JS, Backbone",Star Trek
2016.10.09. 13:33:09,25-30,Férfi,Szakközépiskola,Nem,Budapest,Bejárós,Kis- és középvállalkozás,6,Teljes munkaidős - állandó,"250 000,00 Ft",3,4,"PHP, Javascript, C#",Frontend és backend fejlesztő,"AngularJS, LESS, SASS, Bootstrap",He?
2016.10.09. 13:49:21,20-25,Férfi,Egyetem,Igen,Budapest,Bejárós,Kis- és középvállalkozás,3,Teljes munkaidős - állandó,"600 000,00 Ft",3,3,"C#, C++",Fejlesztő,"WPF,WCF,SQL,CodedUI,Scrum,Bash,Testing,model based testing,keyword based testing,",Star Wars
2016.10.09. 13:53:54,25-30,Férfi,Gimnázium,Nem,Budapest,Bejárós,Kis- és középvállalkozás,2,Teljes munkaidős - állandó,"200 000,00 Ft",3,4,PHP,Junior,Laravel,Star Wars
2016.10.09. 13:54:35,25-30,Férfi,Szakközépiskola,Igen,Budapest,Bejárós,Nemzetközi cég,10,Teljes munkaidős - állandó,"340 000,00 Ft",3,4,"PHP, Javascript, C#, C++, Java, Python",Experienced fejlesztő,Config management. Provisioning. Vagrant. Bash. Docker. Openstack. Storage.,Star Wars
2016.10.09. 14:05:43,20-25,Férfi,Gimnázium,Nem,Budapest,Bejárós,Kis- és középvállalkozás,3,Teljes munkaidős - állandó,"200 000,00 Ft",2,3,"PHP, Javascript",Full stack fejlesztő,"Laravel, Angular, SASS, MySQL, Grunt, NodeJS",He?
2016.10.09. 14:09:51,25-30,Férfi,Egyetem,Nem,Budapest,Bejárós,Kis- és középvállalkozás,4,Teljes munkaidős - állandó,"270 000,00 Ft",3,3,"PHP, Javascript",Senior PHP fejlesztő,"Laravel, Angular, VueJS, Sass",Star Trek
2016.10.09. 15:39:17,20-25,Férfi,Szakközépiskola,Igen,Budapest,Bejárós,Kis- és középvállalkozás,2,Diák,"160 000,00 Ft",3,5,"PHP, Javascript, C#",Frontend fejlesztő,"Codeigniter, Laravel, LESS, SASS, Bash, MongoDB, MySQL, Node.js, Atom.io packages, ES6, Babel, jQuery",Star Wars
2016.10.09. 15:58:21,25-30,Férfi,Szakiskola,Nem,Vidék,Mindkettő,Kis- és középvállalkozás,10,Szabadúszó,"500 000,00 Ft",4,3,"PHP, Javascript, C++",Vezető fejlesztő,"Slim3, Angular, SCSS",He?
2016.10.09. 17:16:54,25-30,Férfi,Főiskola,Igen,Vidék,Bejárós,Kis- és középvállalkozás,6,Teljes munkaidős - állandó,"180 000,00 Ft",4,4,"PHP, Javascript, Java",Fejlesztő,"SASS, Bash",Star Wars
2016.10.09. 17:23:12,25-30,Férfi,Szakiskola,Igen,Külföld,Bejárós,Kis- és középvállalkozás,5,Teljes munkaidős - állandó,"800 000,00 Ft",4,4,C#,Frontend / Backend,"Less, Sass, Angular, TypeScript, SQL 2008++, PHP",Star Wars
2016.10.09. 19:09:59,25-30,Férfi,Főiskola,Igen,Budapest,Bejárós,Kis- és középvállalkozás,3,Teljes munkaidős - állandó,"300 000,00 Ft",4,4,"PHP, Javascript, C#, Java, Ruby",Full stack,,Star Wars
2016.10.09. 19:38:42,25-30,Férfi,Főiskola,Nem,Budapest,Bejárós,Kis- és középvállalkozás,3,Teljes munkaidős - állandó,"290 000,00 Ft",3,3,"PHP, Javascript",frontend fejlesztő,"Laravel, React, SASS, Docker, BEM, Git, Gulp, Webpack, Node.js, npm, Vue.js",He?
2016.10.09. 20:52:38,30-35,Férfi,Szakközépiskola,Igen,Budapest,Bejárós,Startup,4,Teljes munkaidős - állandó,"280 000,00 Ft",5,4,"PHP, Javascript",junior webfejlesztő,"laravel,html, css",Star Wars
2016.10.09. 21:16:44,25-30,Férfi,Szakiskola,Igen,Budapest,Bejárós,Kis- és középvállalkozás,8,Teljes munkaidős - állandó,"235 000,00 Ft",2,3,"PHP, Javascript, Html5, css3, mysql",Full stack,"Jquery, oop, mvc",Star Wars
2016.11.09. 10:30:24,20-25,Férfi,Szakközépiskola,Igen,Budapest,Bejárós,Kis- és középvállalkozás,2,Teljes munkaidős - állandó,"130 000,00 Ft",1,2,"PHP, Javascript, C++, Java",Backend fejlesztő,Symfony sql redis memcache apc doctrine nginx sass less phpstorm docker git svn ...,Star Wars
2016.11.09. 11:20:08,40+,Férfi,Szakiskola,Nem,Vidék,Távmunka,Startup,15,Teljes munkaidős - ideiglenes,"360 000,00 Ft",4,4,AS2,IA/UI/UX designer,Adobe Flash,Star Wars
2016.11.09. 13:14:08,25-30,Férfi,Egyetem,Nem,Budapest,Bejárós,Bankszektor,4,Teljes munkaidős - állandó,"320 000,00 Ft",3,5,"PHP, Javascript, C#, C++, Java, Swift, Python",Fejlesztő,,He?
2016.11.09. 16:18:05,30-35,Férfi,Főiskola,Igen,Vidék,Bejárós,Kis- és középvállalkozás,12,Teljes munkaidős - állandó,"200 000,00 Ft",1,3,"PHP, Javascript",vezető fejlesztő,,Star Wars
2016.11.09. 21:15:48,25-30,Férfi,Szakközépiskola,Igen,Budapest,Bejárós,Startup,6,Teljes munkaidős - állandó,"250 000,00 Ft",3,3,"PHP, Javascript",Backend dev,"REST, SOAP, Swift",Star Wars
2016.11.09. 21:16:20,25-30,Férfi,Gimnázium,Igen,Budapest,Mindkettő,Kis- és középvállalkozás,7,Teljes munkaidős - állandó,"500 000,00 Ft",5,4,"PHP, Javascript",Frontend fejlesztő,"Angular, LESS, SASS, Bash, AWS",Star Wars
2016.12.09. 1:05:27,30-35,Férfi,Szakközépiskola,Nem,Külföld,Távmunka,Kis- és középvállalkozás,14,Szabadúszó,"1 200 000,00 Ft",4,3,"PHP, Javascript, Java, Ruby",senior frontend developer,,Star Wars
2016.12.09. 7:29:05,30-35,Férfi,Főiskola,Nem,Budapest,Mindkettő,Kis- és középvállalkozás,6,Teljes munkaidős - állandó,"285 000,00 Ft",4,3,"PHP, Java",Developer,,Star Wars
2016.12.09. 9:21:19,25-30,Férfi,Egyetem,Nem,Budapest,Mindkettő,Startup,10,Részmunkaidő,"300 000,00 Ft",3,4,"PHP, Javascript","Senior Frontend Fejl,","Angular, Less, SASS, Node",Star Wars
2016.12.09. 16:02:08,25-30,Nő,Főiskola,Igen,Külföld,Bejárós,Nemzetközi cég,3,Teljes munkaidős - állandó,"600 000,00 Ft",4,4,"PHP, Javascript",Frontend fejleszto,,Star Trek
2016.12.09. 20:35:04,35-40,Férfi,Főiskola,Nem,Budapest,Bejárós,Kis- és középvállalkozás,16,Teljes munkaidős - állandó,"450 000,00 Ft",4,2,Javascript,Senior frontend f.,"Less,sass,backbone,marionette,angular",He?
2016.12.09. 22:10:57,20-25,Férfi,Főiskola,Igen,Vidék,Bejárós,Nemzetközi cég,1,Teljes munkaidős - állandó,"658 000,00 Ft",2,2,"PHP, Javascript, C#, C++, Java, Ruby, Swift, Python",Junior fejlesztő,"Laravel, Phalcon, Angular, React, LESS, SASS, Docker, Bash, AWS, Redis, Mongodb",Star Wars
2016.12.09. 23:54:11,35-40,Férfi,Főiskola,Igen,Budapest,Bejárós,Kis- és középvállalkozás,5,Teljes munkaidős - állandó,"270 000,00 Ft",3,2,"PHP, Delphi",fejlesztő,,He?
